0_201909022152891363.png,0
0_201909022153451865.png,0
0_201909022153823188.png,0
0_201909022154729402.png,0
0_201909022154909289.png,0
0_201909022155079298.png,0
0_201909022155462401.png,0
0_201909022156521226.png,0
0_201909022156897784.png,0
0_201909022157197129.png,0
0_201909022157244443.png,0
0_201909022157369372.png,0
0_201909022158163441.png,0
0_201909022159468754.png,0
0_201909022159533527.png,0
0_201909022159951294.png,0
0_201909022212689119.png,0
0_201909022213169470.png,0
0_201909022213501391.png,0
0_201909022213738757.png,0
0_201909022213790267.png,0
0_201909022213835893.png,0
0_201909022214247480.png,0
0_201909022214453513.png,0
0_201909022214816875.png,0
0_201909022218509939.png,0
0_201909022218575777.png,0
0_201909022218645369.png,0
0_201909022219449026.png,0
0_201909022220255220.png,0
0_201909022220836746.png,0
0_201909022220986182.png,0
0_201909022220992754.png,0
0_201909022221592731.png,0
0_201909022222018935.png,0
0_201909022223207821.png,0
0_201909022223983749.png,0
0_201909022224076150.png,0
0_201909022224348452.png,0
0_201909022225058164.png,0
0_201909022225091556.png,0
0_201909022225219448.png,0
0_201909022229235655.png,0
0_201909022229809569.png,0
0_201909022230381046.png,0
0_201909022231177184.png,0
0_201909022235230349.png,0
0_201909022235352832.png,0
0_201909022235398453.png,0
0_201909022235398993.png,0
0_201909022235840235.png,0
0_201909022235954571.png,0
0_201909022236156921.png,0
0_201909022236203164.png,0
0_201909022236625632.png,0
0_201909022237394290.png,0
0_201909022237638806.png,0
0_201909022237694511.png,0
0_201909022237926567.png,0
0_201909022238259011.png,0
0_201909022238344601.png,0
0_201909022238678812.png,0
0_201909022238844933.png,0
0_201909022239666622.png,0
0_201909022240179792.png,0
0_201909022241630805.png,0
0_201909022244505155.png,0
0_201909081329368734.png,0
0_201909081400394758.png,0
0_201909081400510601.png,0
0_201909081400891080.png,0
0_201909081400985212.png,0
0_201909081401112703.png,0
0_201909081401199125.png,0
0_201909081401646346.png,0
0_201909081402126557.png,0
0_201909081402422539.png,0
0_201909081402944282.png,0
0_201909081410665981.png,0
0_201909081411698194.png,0
0_201909081413237625.png,0
0_201909081414998446.png,0
0_201909081415448324.png,0
0_201909081415680268.png,0
0_201909081415846142.png,0
0_201909081415963704.png,0
0_201909081416037847.png,0
0_201909081419151997.png,0
0_201909081419347905.png,0
0_201909081419471847.png,0
0_201909081419513640.png,0
0_201909081419998094.png,0
0_201909081420323541.png,0
0_201909081420455694.png,0
0_201909081420711601.png,0
0_201909081421377164.png,0
0_201909081421435538.png,0
0_201909081422402050.png,0
0_201909081422679331.png,0
0_201909081422853118.png,0
0_201909081423281256.png,0
0_201909081423317121.png,0
0_201909081423917365.png,0
0_201909081424085759.png,0
0_201909081424110895.png,0
0_201909081424220755.png,0
0_201909081424346875.png,0
0_201909081424452900.png,0
0_201909081425315487.png,0
0_201909081425731207.png,0
0_201909081425940899.png,0
0_201909081425981444.png,0
0_201909081425998909.png,0
0_201909081426078708.png,0
0_201909081426099418.png,0
0_201909081426227327.png,0
0_201909081426327362.png,0
0_201909081426428814.png,0
0_201909081427161576.png,0
0_201909081427377049.png,0
0_201909081427664632.png,0
0_201909081427908618.png,0
0_201909081427908676.png,0
0_201909081428899873.png,0
0_201909081539090902.png,0
0_201909081539854541.png,0
0_201909081539856670.png,0
0_201909081540726226.png,0
0_201909081541732402.png,0
0_201909081542055477.png,0
0_201909081542650523.png,0
0_201909081543908124.png,0
0_201909081544326687.png,0
0_201909081544442480.png,0
0_201909081544590448.png,0
0_201909081544646098.png,0
0_201909081545050318.png,0
0_201909081545316240.png,0
0_201909081545399965.png,0
0_201909081612110278.png,0
0_201909081613140207.png,0
0_201909081613192301.png,0
0_201909081613673008.png,0
0_201909081614323360.png,0
0_201909081614966363.png,0
0_201909081615204759.png,0
0_201909081615529147.png,0
0_201909081615926583.png,0
0_201909081616108392.png,0
0_201909081616386947.png,0
0_201909081616898315.png,0
0_201909081617217007.png,0
0_201909081617648599.png,0
0_201909081618330704.png,0
0_201909081618696962.png,0
0_201909081618966403.png,0
0_201909081619760085.png,0
1_201909022147852041.png,1
1_201909022148257579.png,1
1_201909022152144119.png,1
1_201909022152379126.png,1
1_201909022152581212.png,1
1_201909022154572321.png,1
1_201909022155743735.png,1
1_201909022156394364.png,1
1_201909022156707454.png,1
1_201909022157122883.png,1
1_201909022157875688.png,1
1_201909022157957439.png,1
1_201909022158252968.png,1
1_201909022158259515.png,1
1_201909022158679425.png,1
1_201909022159007054.png,1
1_201909022159200570.png,1
1_201909022159777451.png,1
1_201909022159893093.png,1
1_201909022200211040.png,1
1_201909022209750264.png,1
1_201909022210904032.png,1
1_201909022210905995.png,1
1_201909022211599385.png,1
1_201909022212235460.png,1
1_201909022212283134.png,1
1_201909022213123766.png,1
1_201909022213273669.png,1
1_201909022213853577.png,1
1_201909022214435670.png,1
1_201909022214724915.png,1
1_201909022214790092.png,1
1_201909022219309163.png,1
1_201909022219804598.png,1
1_201909022221430741.png,1
1_201909022222231883.png,1
1_201909022222252735.png,1
1_201909022223112661.png,1
1_201909022223224181.png,1
1_201909022223550047.png,1
1_201909022223623753.png,1
1_201909022224904402.png,1
1_201909022225369522.png,1
1_201909022225669848.png,1
1_201909022225745076.png,1
1_201909022229413758.png,1
1_201909022229724281.png,1
1_201909022229742985.png,1
1_201909022230265199.png,1
1_201909022230681441.png,1
1_201909022230922087.png,1
1_201909022231383101.png,1
1_201909022231634873.png,1
1_201909022231862188.png,1
1_201909022235153620.png,1
1_201909022235208912.png,1
1_201909022235751060.png,1
1_201909022235906540.png,1
1_201909022236410871.png,1
1_201909022236906164.png,1
1_201909022236942389.png,1
1_201909022237042468.png,1
1_201909022237144087.png,1
1_201909022237781855.png,1
1_201909022238411138.png,1
1_201909022238479055.png,1
1_201909022238616505.png,1
1_201909022239163979.png,1
1_201909022239412422.png,1
1_201909022239613717.png,1
1_201909022239746144.png,1
1_201909022239987845.png,1
1_201909022240055017.png,1
1_201909022240274085.png,1
1_201909022240520007.png,1
1_201909022240520489.png,1
1_201909022241310228.png,1
1_201909022241586584.png,1
1_201909022244815714.png,1
1_201909022244929072.png,1
1_201909022244994218.png,1
1_201909081329058776.png,1
1_201909081329207380.png,1
1_201909081329225487.png,1
1_201909081329792537.png,1
1_201909081330116740.png,1
1_201909081330614733.png,1
1_201909081331204707.png,1
1_201909081333725532.png,1
1_201909081333877050.png,1
1_201909081400427411.png,1
1_201909081401297079.png,1
1_201909081401577151.png,1
1_201909081402032629.png,1
1_201909081402204518.png,1
1_201909081410411778.png,1
1_201909081414647557.png,1
1_201909081414799443.png,1
1_201909081415614143.png,1
1_201909081415889759.png,1
1_201909081416517427.png,1
1_201909081416771446.png,1
1_201909081418567892.png,1
1_201909081418599980.png,1
1_201909081420373622.png,1
1_201909081420417983.png,1
1_201909081420539575.png,1
1_201909081420896132.png,1
1_201909081420995468.png,1
1_201909081421009318.png,1
1_201909081421015891.png,1
1_201909081421459790.png,1
1_201909081422665273.png,1
1_201909081422888176.png,1
1_201909081423547508.png,1
1_201909081423665009.png,1
1_201909081423841360.png,1
1_201909081423856816.png,1
1_201909081424203319.png,1
1_201909081424697161.png,1
1_201909081424725720.png,1
1_201909081424941138.png,1
1_201909081425741049.png,1
1_201909081425864809.png,1
1_201909081426429214.png,1
1_201909081427355218.png,1
1_201909081427457288.png,1
1_201909081427633089.png,1
1_201909081539090268.png,1
1_201909081539166960.png,1
1_201909081539206853.png,1
1_201909081539493093.png,1
1_201909081539832905.png,1
1_201909081540176816.png,1
1_201909081540194533.png,1
1_201909081540249020.png,1
1_201909081540928797.png,1
1_201909081541404833.png,1
1_201909081541536396.png,1
1_201909081541728201.png,1
1_201909081542172183.png,1
1_201909081542506259.png,1
1_201909081543852492.png,1
1_201909081544409833.png,1
1_201909081544648517.png,1
1_201909081545233842.png,1
1_201909081612034968.png,1
1_201909081612842912.png,1
1_201909081614146604.png,1
1_201909081614648375.png,1
1_201909081616152111.png,1
1_201909081616318885.png,1
1_201909081616511417.png,1
1_201909081617296171.png,1
1_201909081617452611.png,1
1_201909081618472082.png,1
1_201909081619324697.png,1
1_201909081619540365.png,1
2_201909022152929571.png,2
2_201909022153261852.png,2
2_201909022155243354.png,2
2_201909022155527581.png,2
2_201909022155927739.png,2
2_201909022156096019.png,2
2_201909022156338814.png,2
2_201909022156483287.png,2
2_201909022157688905.png,2
2_201909022158457287.png,2
2_201909022209991577.png,2
2_201909022212510863.png,2
2_201909022213419750.png,2
2_201909022213860044.png,2
2_201909022214994354.png,2
2_201909022218143189.png,2
2_201909022219530975.png,2
2_201909022220059437.png,2
2_201909022222659957.png,2
2_201909022222898643.png,2
2_201909022222904036.png,2
2_201909022222953966.png,2
2_201909022223032608.png,2
2_201909022223190646.png,2
2_201909022223432106.png,2
2_201909022224614733.png,2
2_201909022229599920.png,2
2_201909022229821432.png,2
2_201909022230125585.png,2
2_201909022230305347.png,2
2_201909022231556135.png,2
2_201909022234812059.png,2
2_201909022234854760.png,2
2_201909022235890117.png,2
2_201909022236066845.png,2
2_201909022236311868.png,2
2_201909022236771056.png,2
2_201909022236806545.png,2
2_201909022236884214.png,2
2_201909022236909304.png,2
2_201909022237584560.png,2
2_201909022237593959.png,2
2_201909022238608020.png,2
2_201909022238633931.png,2
2_201909022238922913.png,2
2_201909022239242207.png,2
2_201909022240665831.png,2
2_201909022240880845.png,2
2_201909022241011452.png,2
2_201909022241454639.png,2
2_201909022241926392.png,2
2_201909022244098786.png,2
2_201909022244224205.png,2
2_201909022244313775.png,2
2_201909081329180558.png,2
2_201909081330308702.png,2
2_201909081330556996.png,2
2_201909081330598708.png,2
2_201909081330620624.png,2
2_201909081330758753.png,2
2_201909081330831367.png,2
2_201909081400466527.png,2
2_201909081402296306.png,2
2_201909081402475625.png,2
2_201909081402576964.png,2
2_201909081403625103.png,2
2_201909081410419924.png,2
2_201909081411030189.png,2
2_201909081413550507.png,2
2_201909081415116367.png,2
2_201909081415876225.png,2
2_201909081416107861.png,2
2_201909081418248305.png,2
2_201909081418974268.png,2
2_201909081419051577.png,2
2_201909081419221146.png,2
2_201909081420451423.png,2
2_201909081421493628.png,2
2_201909081422641797.png,2
2_201909081423471550.png,2
2_201909081423813081.png,2
2_201909081424186964.png,2
2_201909081424329205.png,2
2_201909081424919436.png,2
2_201909081424987069.png,2
2_201909081425440828.png,2
2_201909081425560890.png,2
2_201909081426441544.png,2
2_201909081426998886.png,2
2_201909081427299345.png,2
2_201909081427330657.png,2
2_201909081428028608.png,2
2_201909081535727978.png,2
2_201909081535954704.png,2
2_201909081538500323.png,2
2_201909081539424959.png,2
2_201909081539656969.png,2
2_201909081539956876.png,2
2_201909081540217999.png,2
2_201909081540244657.png,2
2_201909081540294205.png,2
2_201909081540770460.png,2
2_201909081541200645.png,2
2_201909081541585653.png,2
2_201909081541694553.png,2
2_201909081541713579.png,2
2_201909081541750603.png,2
2_201909081542022399.png,2
2_201909081542968280.png,2
2_201909081543064276.png,2
2_201909081543250145.png,2
2_201909081543350307.png,2
2_201909081543812328.png,2
2_201909081544835195.png,2
2_201909081544850339.png,2
2_201909081544972041.png,2
2_201909081545916118.png,2
2_201909081611192880.png,2
2_201909081611340967.png,2
2_201909081612864494.png,2
2_201909081613180260.png,2
2_201909081613879125.png,2
2_201909081614077182.png,2
2_201909081614928708.png,2
2_201909081615104860.png,2
2_201909081615240391.png,2
2_201909081615282884.png,2
2_201909081615388114.png,2
2_201909081616918455.png,2
2_201909081617782054.png,2
2_201909081618742909.png,2
2_201909081619136264.png,2
3_201909022147169763.png,3
3_201909022148777352.png,3
3_201909022152138969.png,3
3_201909022154931387.png,3
3_201909022155007494.png,3
3_201909022155581312.png,3
3_201909022155636017.png,3
3_201909022155649938.png,3
3_201909022155741893.png,3
3_201909022155841191.png,3
3_201909022155899962.png,3
3_201909022157449306.png,3
3_201909022158301714.png,3
3_201909022158564978.png,3
3_201909022158721388.png,3
3_201909022158933598.png,3
3_201909022159608421.png,3
3_201909022200495889.png,3
3_201909022209454266.png,3
3_201909022209789027.png,3
3_201909022210081343.png,3
3_201909022211539841.png,3
3_201909022211823363.png,3
3_201909022212790463.png,3
3_201909022212917333.png,3
3_201909022213908428.png,3
3_201909022213925395.png,3
3_201909022214115501.png,3
3_201909022214949210.png,3
3_201909022217351254.png,3
3_201909022217853240.png,3
3_201909022218174587.png,3
3_201909022219464974.png,3
3_201909022220245096.png,3
3_201909022220358069.png,3
3_201909022220539000.png,3
3_201909022221241122.png,3
3_201909022221337302.png,3
3_201909022222021070.png,3
3_201909022222739213.png,3
3_201909022222791588.png,3
3_201909022223483183.png,3
3_201909022223760813.png,3
3_201909022224202605.png,3
3_201909022224290675.png,3
3_201909022225203557.png,3
3_201909022225273295.png,3
3_201909022225591413.png,3
3_201909022229164107.png,3
3_201909022229427086.png,3
3_201909022230710902.png,3
3_201909022231889116.png,3
3_201909022234440644.png,3
3_201909022234596617.png,3
3_201909022234687058.png,3
3_201909022234958374.png,3
3_201909022235796496.png,3
3_201909022235978816.png,3
3_201909022236338796.png,3
3_201909022236770512.png,3
3_201909022237100720.png,3
3_201909022237424324.png,3
3_201909022238077609.png,3
3_201909022238244848.png,3
3_201909022238749057.png,3
3_201909022238915051.png,3
3_201909022239264424.png,3
3_201909022239510386.png,3
3_201909022239868292.png,3
3_201909022239945222.png,3
3_201909022240276011.png,3
3_201909022240430908.png,3
3_201909022241015850.png,3
3_201909022241039938.png,3
3_201909022241304455.png,3
3_201909022244533975.png,3
3_201909022244639073.png,3
3_201909081329920523.png,3
3_201909081330834866.png,3
3_201909081401100440.png,3
3_201909081401200476.png,3
3_201909081401205085.png,3
3_201909081401728838.png,3
3_201909081402870833.png,3
3_201909081403428719.png,3
3_201909081413218370.png,3
3_201909081413892319.png,3
3_201909081414841998.png,3
3_201909081415077734.png,3
3_201909081415613499.png,3
3_201909081415689716.png,3
3_201909081416139780.png,3
3_201909081416597997.png,3
3_201909081417707865.png,3
3_201909081419740721.png,3
3_201909081420145232.png,3
3_201909081420191671.png,3
3_201909081420197690.png,3
3_201909081420371746.png,3
3_201909081420951892.png,3
3_201909081422631049.png,3
3_201909081422745549.png,3
3_201909081422909326.png,3
3_201909081423401905.png,3
3_201909081423793401.png,3
3_201909081423802837.png,3
3_201909081424089432.png,3
3_201909081424315324.png,3
3_201909081424794915.png,3
3_201909081424842816.png,3
3_201909081425080846.png,3
3_201909081425142910.png,3
3_201909081425530864.png,3
3_201909081425928097.png,3
3_201909081426013145.png,3
3_201909081426493482.png,3
3_201909081426531153.png,3
3_201909081427015073.png,3
3_201909081427202742.png,3
3_201909081427431061.png,3
3_201909081427808814.png,3
3_201909081538610846.png,3
3_201909081538851586.png,3
3_201909081538920407.png,3
3_201909081539426978.png,3
3_201909081539832061.png,3
3_201909081540026142.png,3
3_201909081540072393.png,3
3_201909081540104291.png,3
3_201909081540134345.png,3
3_201909081541270328.png,3
3_201909081541492497.png,3
3_201909081541566233.png,3
3_201909081541804636.png,3
3_201909081542010137.png,3
3_201909081542067942.png,3
3_201909081542106643.png,3
3_201909081542179170.png,3
3_201909081542216422.png,3
3_201909081542216589.png,3
3_201909081543312303.png,3
3_201909081543464430.png,3
3_201909081543562503.png,3
3_201909081544211363.png,3
3_201909081544304550.png,3
3_201909081544442000.png,3
3_201909081545144127.png,3
3_201909081545681945.png,3
3_201909081545761959.png,3
3_201909081611105466.png,3
3_201909081612337676.png,3
3_201909081612644431.png,3
3_201909081613496848.png,3
3_201909081615215042.png,3
3_201909081615376185.png,3
3_201909081615399363.png,3
3_201909081615935529.png,3
3_201909081616196817.png,3
3_201909081616431415.png,3
3_201909081617814700.png,3
3_201909081617996418.png,3
3_201909081618066687.png,3
3_201909081618592749.png,3
4_201909022153301761.png,4
4_201909022210509503.png,4
4_201909022210566030.png,4
4_201909022212251317.png,4
4_201909022221934478.png,4
4_201909022236072296.png,4
4_201909022241586455.png,4
4_201909022241616237.png,4
4_201909022241850252.png,4
4_201909081330549078.png,4
4_201909081401943137.png,4
4_201909081402228405.png,4
4_201909081414467816.png,4
4_201909081420637990.png,4
4_201909081424457370.png,4
4_201909081619048661.png,4
5_201909022147483791.png,5
5_201909022148543499.png,5
5_201909022153072716.png,5
5_201909022153699232.png,5
5_201909022154061210.png,5
5_201909022154628212.png,5
5_201909022156739498.png,5
5_201909022157871381.png,5
5_201909022157953293.png,5
5_201909022157977371.png,5
5_201909022158392146.png,5
5_201909022158717694.png,5
5_201909022158746407.png,5
5_201909022159011222.png,5
5_201909022159388135.png,5
5_201909022159811120.png,5
5_201909022200274459.png,5
5_201909022210569519.png,5
5_201909022210824490.png,5
5_201909022212167830.png,5
5_201909022212190176.png,5
5_201909022213515672.png,5
5_201909022213941776.png,5
5_201909022213953572.png,5
5_201909022214663642.png,5
5_201909022219380324.png,5
5_201909022219414175.png,5
5_201909022219897642.png,5
5_201909022220428938.png,5
5_201909022220454763.png,5
5_201909022220471279.png,5
5_201909022220494834.png,5
5_201909022220662841.png,5
5_201909022221650938.png,5
5_201909022221872488.png,5
5_201909022222177209.png,5
5_201909022222811014.png,5
5_201909022223069271.png,5
5_201909022223346584.png,5
5_201909022223864301.png,5
5_201909022224964108.png,5
5_201909022225343710.png,5
5_201909022229076048.png,5
5_201909022229645726.png,5
5_201909022230559572.png,5
5_201909022230955738.png,5
5_201909022231265324.png,5
5_201909022231558636.png,5
5_201909022231599524.png,5
5_201909022231841322.png,5
5_201909022231901854.png,5
5_201909022235356517.png,5
5_201909022235686777.png,5
5_201909022236332984.png,5
5_201909022236776889.png,5
5_201909022236863211.png,5
5_201909022237118795.png,5
5_201909022237807245.png,5
5_201909022237874571.png,5
5_201909022238130847.png,5
5_201909022238198462.png,5
5_201909022238603886.png,5
5_201909022239059330.png,5
5_201909022239066783.png,5
5_201909022239512364.png,5
5_201909022239560223.png,5
5_201909022241134142.png,5
5_201909022241609895.png,5
5_201909081329108452.png,5
5_201909081329182751.png,5
5_201909081330030805.png,5
5_201909081330252611.png,5
5_201909081330928996.png,5
5_201909081400675204.png,5
5_201909081401258273.png,5
5_201909081401420924.png,5
5_201909081401507063.png,5
5_201909081402000713.png,5
5_201909081402311025.png,5
5_201909081402622809.png,5
5_201909081403523078.png,5
5_201909081411456661.png,5
5_201909081413711871.png,5
5_201909081414590194.png,5
5_201909081414606363.png,5
5_201909081415500221.png,5
5_201909081415584060.png,5
5_201909081415705527.png,5
5_201909081416446133.png,5
5_201909081416688066.png,5
5_201909081418913816.png,5
5_201909081420061424.png,5
5_201909081420069324.png,5
5_201909081420574018.png,5
5_201909081420881962.png,5
5_201909081421525594.png,5
5_201909081421857600.png,5
5_201909081422383378.png,5
5_201909081423679490.png,5
5_201909081423952947.png,5
5_201909081423999052.png,5
5_201909081424007708.png,5
5_201909081424296964.png,5
5_201909081424579147.png,5
5_201909081424771120.png,5
5_201909081425845011.png,5
5_201909081426243630.png,5
5_201909081426385689.png,5
5_201909081426463145.png,5
5_201909081426959299.png,5
5_201909081427116877.png,5
5_201909081427364999.png,5
5_201909081427831094.png,5
5_201909081428880805.png,5
5_201909081428977527.png,5
5_201909081537319166.png,5
5_201909081539076796.png,5
5_201909081539145069.png,5
5_201909081539486916.png,5
5_201909081540332035.png,5
5_201909081541036686.png,5
5_201909081541074779.png,5
5_201909081541346615.png,5
5_201909081541516751.png,5
5_201909081541566306.png,5
5_201909081541726280.png,5
5_201909081542160097.png,5
5_201909081542288467.png,5
5_201909081542917932.png,5
5_201909081543190426.png,5
5_201909081543444406.png,5
5_201909081543530626.png,5
5_201909081544363993.png,5
5_201909081544599616.png,5
5_201909081544868354.png,5
5_201909081544940123.png,5
5_201909081544947621.png,5
5_201909081545738182.png,5
5_201909081614330795.png,5
5_201909081615718348.png,5
5_201909081615814196.png,5
5_201909081616218715.png,5
5_201909081616387633.png,5
5_201909081616404514.png,5
5_201909081616470462.png,5
5_201909081616738976.png,5
5_201909081617452136.png,5
5_201909081617508285.png,5
5_201909081617780832.png,5
5_201909081618074729.png,5
5_201909081619367504.png,5
6_201909022152254962.png,6
6_201909022152539708.png,6
6_201909022152885514.png,6
6_201909022153109665.png,6
6_201909022154711358.png,6
6_201909022154779310.png,6
6_201909022155437786.png,6
6_201909022157257197.png,6
6_201909022158003854.png,6
6_201909022158743421.png,6
6_201909022159355843.png,6
6_201909022159907142.png,6
6_201909022159910921.png,6
6_201909022159967643.png,6
6_201909022210138589.png,6
6_201909022210171586.png,6
6_201909022210326297.png,6
6_201909022212894378.png,6
6_201909022213191405.png,6
6_201909022214271716.png,6
6_201909022214525494.png,6
6_201909022214591292.png,6
6_201909022214745848.png,6
6_201909022214893966.png,6
6_201909022217929856.png,6
6_201909022218108992.png,6
6_201909022218247249.png,6
6_201909022218649842.png,6
6_201909022218932930.png,6
6_201909022219292778.png,6
6_201909022220472311.png,6
6_201909022221040786.png,6
6_201909022221156507.png,6
6_201909022221508354.png,6
6_201909022221857679.png,6
6_201909022222374633.png,6
6_201909022222462692.png,6
6_201909022222536491.png,6
6_201909022223881965.png,6
6_201909022224468807.png,6
6_201909022224648253.png,6
6_201909022224823852.png,6
6_201909022224875617.png,6
6_201909022225019316.png,6
6_201909022225148661.png,6
6_201909022225428121.png,6
6_201909022225640081.png,6
6_201909022225713933.png,6
6_201909022228677423.png,6
6_201909022229367354.png,6
6_201909022229561310.png,6
6_201909022229713167.png,6
6_201909022230185584.png,6
6_201909022230373329.png,6
6_201909022230507990.png,6
6_201909022230615710.png,6
6_201909022230825763.png,6
6_201909022230837827.png,6
6_201909022231154865.png,6
6_201909022231351781.png,6
6_201909022231500988.png,6
6_201909022231705596.png,6
6_201909022231968847.png,6
6_201909022234342918.png,6
6_201909022235676289.png,6
6_201909022235924136.png,6
6_201909022236120853.png,6
6_201909022236411975.png,6
6_201909022236780510.png,6
6_201909022236943501.png,6
6_201909022237236816.png,6
6_201909022237310581.png,6
6_201909022237941864.png,6
6_201909022238135953.png,6
6_201909022238288701.png,6
6_201909022238632287.png,6
6_201909022239014129.png,6
6_201909022239344001.png,6
6_201909022239475348.png,6
6_201909022239772439.png,6
6_201909022240278428.png,6
6_201909022240580069.png,6
6_201909022240642261.png,6
6_201909022240858332.png,6
6_201909022240968196.png,6
6_201909022241170570.png,6
6_201909022241184345.png,6
6_201909022241464019.png,6
6_201909022244475479.png,6
6_201909081329110593.png,6
6_201909081329477290.png,6
6_201909081330086501.png,6
6_201909081330588507.png,6
6_201909081330887241.png,6
6_201909081400018507.png,6
6_201909081400633014.png,6
6_201909081400829274.png,6
6_201909081400863139.png,6
6_201909081401081331.png,6
6_201909081401450532.png,6
6_201909081402331053.png,6
6_201909081402887100.png,6
6_201909081402891310.png,6
6_201909081402904965.png,6
6_201909081403072773.png,6
6_201909081403502622.png,6
6_201909081410126666.png,6
6_201909081410322176.png,6
6_201909081410615710.png,6
6_201909081410890648.png,6
6_201909081411700548.png,6
6_201909081413856090.png,6
6_201909081414111818.png,6
6_201909081415496387.png,6
6_201909081415531507.png,6
6_201909081415737546.png,6
6_201909081415855852.png,6
6_201909081416355982.png,6
6_201909081416442438.png,6
6_201909081416457833.png,6
6_201909081416750282.png,6
6_201909081416863926.png,6
6_201909081417468255.png,6
6_201909081417839754.png,6
6_201909081419057643.png,6
6_201909081419297738.png,6
6_201909081419349355.png,6
6_201909081419788178.png,6
6_201909081419940026.png,6
6_201909081420178147.png,6
6_201909081420553526.png,6
6_201909081421065865.png,6
6_201909081421179524.png,6
6_201909081421426682.png,6
6_201909081421565094.png,6
6_201909081421565146.png,6
6_201909081421833458.png,6
6_201909081421981676.png,6
6_201909081422065865.png,6
6_201909081422250033.png,6
6_201909081422633856.png,6
6_201909081422835983.png,6
6_201909081423661108.png,6
6_201909081423767481.png,6
6_201909081423897323.png,6
6_201909081424096877.png,6
6_201909081424108883.png,6
6_201909081424311212.png,6
6_201909081425169149.png,6
6_201909081425175270.png,6
6_201909081425297718.png,6
6_201909081425539738.png,6
6_201909081425935083.png,6
6_201909081426333015.png,6
6_201909081426355194.png,6
6_201909081426377051.png,6
6_201909081426473105.png,6
6_201909081426529204.png,6
6_201909081426866870.png,6
6_201909081427365452.png,6
6_201909081427552999.png,6
6_201909081427755245.png,6
6_201909081428075463.png,6
6_201909081535620893.png,6
6_201909081535689699.png,6
6_201909081537881008.png,6
6_201909081537995230.png,6
6_201909081539018671.png,6
6_201909081539555086.png,6
6_201909081540084766.png,6
6_201909081540362464.png,6
6_201909081540596201.png,6
6_201909081541356505.png,6
6_201909081541422783.png,6
6_201909081542692206.png,6
6_201909081543712999.png,6
6_201909081543885999.png,6
6_201909081543948854.png,6
6_201909081544258537.png,6
6_201909081544476171.png,6
6_201909081544572101.png,6
6_201909081544616196.png,6
6_201909081544982514.png,6
6_201909081545044340.png,6
6_201909081545104381.png,6
6_201909081545144657.png,6
6_201909081545182173.png,6
6_201909081545274215.png,6
6_201909081545798184.png,6
6_201909081545926062.png,6
6_201909081545959959.png,6
6_201909081611673192.png,6
6_201909081612004837.png,6
6_201909081612410923.png,6
6_201909081612458744.png,6
6_201909081612845102.png,6
6_201909081613252646.png,6
6_201909081613778726.png,6
6_201909081613977472.png,6
6_201909081614110659.png,6
6_201909081614200841.png,6
6_201909081614221028.png,6
6_201909081614259166.png,6
6_201909081614432636.png,6
6_201909081615344542.png,6
6_201909081615660638.png,6
6_201909081617256511.png,6
6_201909081617570482.png,6
6_201909081617596501.png,6
6_201909081617682144.png,6
6_201909081618862876.png,6
6_201909081619736597.png,6
6_201909081619834172.png,6
7_201909022147799250.png,7
7_201909022148634235.png,7
7_201909022154025831.png,7
7_201909022156889287.png,7
7_201909022159247330.png,7
7_201909022210168480.png,7
7_201909022210226032.png,7
7_201909022210438249.png,7
7_201909022211212722.png,7
7_201909022211361362.png,7
7_201909022211710455.png,7
7_201909022212462445.png,7
7_201909022213212448.png,7
7_201909022213900053.png,7
7_201909022214188250.png,7
7_201909022214500305.png,7
7_201909022217703750.png,7
7_201909022218193679.png,7
7_201909022218359414.png,7
7_201909022218734825.png,7
7_201909022218768662.png,7
7_201909022220630721.png,7
7_201909022221315250.png,7
7_201909022221776584.png,7
7_201909022222744800.png,7
7_201909022223176700.png,7
7_201909022223405969.png,7
7_201909022223646878.png,7
7_201909022223986596.png,7
7_201909022223990704.png,7
7_201909022224588597.png,7
7_201909022224692347.png,7
7_201909022225401801.png,7
7_201909022229061935.png,7
7_201909022230333268.png,7
7_201909022230430750.png,7
7_201909022230533134.png,7
7_201909022230958094.png,7
7_201909022231191894.png,7
7_201909022231738070.png,7
7_201909022231981344.png,7
7_201909022234356514.png,7
7_201909022235942864.png,7
7_201909022236030274.png,7
7_201909022237337316.png,7
7_201909022238425515.png,7
7_201909022239378700.png,7
7_201909022240454831.png,7
7_201909022240666417.png,7
7_201909022240694062.png,7
7_201909022241170294.png,7
7_201909022241418238.png,7
7_201909022241869663.png,7
7_201909022241932871.png,7
7_201909081401676601.png,7
7_201909081402440679.png,7
7_201909081403427119.png,7
7_201909081411139762.png,7
7_201909081414065811.png,7
7_201909081414411951.png,7
7_201909081414885877.png,7
7_201909081415207984.png,7
7_201909081415986211.png,7
7_201909081416909773.png,7
7_201909081419781267.png,7
7_201909081420119699.png,7
7_201909081421855770.png,7
7_201909081422843458.png,7
7_201909081422984034.png,7
7_201909081423435861.png,7
7_201909081423931207.png,7
7_201909081423999160.png,7
7_201909081424303466.png,7
7_201909081425054961.png,7
7_201909081425099482.png,7
7_201909081425253437.png,7
7_201909081425352666.png,7
7_201909081425561128.png,7
7_201909081425911654.png,7
7_201909081426279069.png,7
7_201909081426389438.png,7
7_201909081426393452.png,7
7_201909081426397234.png,7
7_201909081426539090.png,7
7_201909081426797147.png,7
7_201909081427194021.png,7
7_201909081427403005.png,7
7_201909081427945127.png,7
7_201909081428342666.png,7
7_201909081539418831.png,7
7_201909081539742880.png,7
7_201909081540101259.png,7
7_201909081540610742.png,7
7_201909081540772866.png,7
7_201909081541106259.png,7
7_201909081542192394.png,7
7_201909081543006079.png,7
7_201909081543488095.png,7
7_201909081544144673.png,7
7_201909081544404599.png,7
7_201909081544926577.png,7
7_201909081544940970.png,7
7_201909081545107889.png,7
7_201909081545788354.png,7
7_201909081611354797.png,7
7_201909081612233021.png,7
7_201909081613250771.png,7
7_201909081613617204.png,7
7_201909081614474386.png,7
7_201909081614866887.png,7
7_201909081615040561.png,7
7_201909081616261022.png,7
7_201909081616536703.png,7
7_201909081616922427.png,7
7_201909081617032323.png,7
7_201909081617160123.png,7
7_201909081617160615.png,7
7_201909081617306570.png,7
7_201909081617830335.png,7
7_201909081618476751.png,7
8_201909022152565967.png,8
8_201909022152827568.png,8
8_201909022153551214.png,8
8_201909022153736823.png,8
8_201909022153775967.png,8
8_201909022153789673.png,8
8_201909022154008569.png,8
8_201909022154694033.png,8
8_201909022154897774.png,8
8_201909022155019726.png,8
8_201909022155219319.png,8
8_201909022155579530.png,8
8_201909022155607289.png,8
8_201909022155757330.png,8
8_201909022156851578.png,8
8_201909022156981169.png,8
8_201909022157059558.png,8
8_201909022157243457.png,8
8_201909022158057231.png,8
8_201909022158198878.png,8
8_201909022158359616.png,8
8_201909022158419695.png,8
8_201909022159125856.png,8
8_201909022159205230.png,8
8_201909022159625238.png,8
8_201909022211319734.png,8
8_201909022211706275.png,8
8_201909022213307358.png,8
8_201909022214250346.png,8
8_201909022214454929.png,8
8_201909022214871441.png,8
8_201909022218837675.png,8
8_201909022219135081.png,8
8_201909022219621555.png,8
8_201909022219722643.png,8
8_201909022219919331.png,8
8_201909022220246822.png,8
8_201909022220899528.png,8
8_201909022221208840.png,8
8_201909022221305023.png,8
8_201909022221828127.png,8
8_201909022221837466.png,8
8_201909022222273110.png,8
8_201909022222344442.png,8
8_201909022222463909.png,8
8_201909022224054193.png,8
8_201909022224134073.png,8
8_201909022224200058.png,8
8_201909022224532368.png,8
8_201909022224650269.png,8
8_201909022225411534.png,8
8_201909022225586294.png,8
8_201909022225804584.png,8
8_201909022225819554.png,8
8_201909022228170228.png,8
8_201909022228851724.png,8
8_201909022229090992.png,8
8_201909022229279558.png,8
8_201909022229332294.png,8
8_201909022229454154.png,8
8_201909022229490902.png,8
8_201909022230698657.png,8
8_201909022231309479.png,8
8_201909022231345884.png,8
8_201909022234321039.png,8
8_201909022235188471.png,8
8_201909022235553701.png,8
8_201909022235738893.png,8
8_201909022236124970.png,8
8_201909022236392211.png,8
8_201909022236556709.png,8
8_201909022236560301.png,8
8_201909022237372703.png,8
8_201909022238015570.png,8
8_201909022238159760.png,8
8_201909022238802242.png,8
8_201909022239071864.png,8
8_201909022239416662.png,8
8_201909022239526972.png,8
8_201909022241567561.png,8
8_201909022241609773.png,8
8_201909022244059553.png,8
8_201909022244063702.png,8
8_201909022244573181.png,8
8_201909022244898108.png,8
8_201909081329696646.png,8
8_201909081330415286.png,8
8_201909081330544565.png,8
8_201909081330902577.png,8
8_201909081333212837.png,8
8_201909081400888647.png,8
8_201909081401330439.png,8
8_201909081402826628.png,8
8_201909081402892943.png,8
8_201909081403606507.png,8
8_201909081410179827.png,8
8_201909081410477708.png,8
8_201909081411610006.png,8
8_201909081413134084.png,8
8_201909081415496386.png,8
8_201909081416027531.png,8
8_201909081416218269.png,8
8_201909081416369693.png,8
8_201909081419669712.png,8
8_201909081419897384.png,8
8_201909081420620024.png,8
8_201909081421483569.png,8
8_201909081421728233.png,8
8_201909081421735179.png,8
8_201909081422996981.png,8
8_201909081423221225.png,8
8_201909081423591718.png,8
8_201909081423703247.png,8
8_201909081424207158.png,8
8_201909081424921001.png,8
8_201909081425572760.png,8
8_201909081425813030.png,8
8_201909081426973102.png,8
8_201909081427185110.png,8
8_201909081427189059.png,8
8_201909081427319364.png,8
8_201909081427550911.png,8
8_201909081427844875.png,8
8_201909081428372964.png,8
8_201909081539208944.png,8
8_201909081539311025.png,8
8_201909081539324484.png,8
8_201909081539875048.png,8
8_201909081540126508.png,8
8_201909081540440275.png,8
8_201909081540544360.png,8
8_201909081540604895.png,8
8_201909081540699188.png,8
8_201909081541066059.png,8
8_201909081541152466.png,8
8_201909081541402840.png,8
8_201909081542962235.png,8
8_201909081543054370.png,8
8_201909081543214486.png,8
8_201909081543676197.png,8
8_201909081543822075.png,8
8_201909081545016291.png,8
8_201909081545531994.png,8
8_201909081545655898.png,8
8_201909081545802623.png,8
8_201909081612826673.png,8
8_201909081613048444.png,8
8_201909081613278886.png,8
8_201909081613492664.png,8
8_201909081613503119.png,8
8_201909081613613008.png,8
8_201909081613645106.png,8
8_201909081613992909.png,8
8_201909081615036568.png,8
8_201909081615410240.png,8
8_201909081615434775.png,8
8_201909081615522754.png,8
8_201909081615999396.png,8
8_201909081616168056.png,8
8_201909081616530445.png,8
8_201909081616590886.png,8
8_201909081617727216.png,8
8_201909081618080519.png,8
8_201909081618624434.png,8
8_201909081618727377.png,8
8_201909081619020912.png,8
8_201909081619135321.png,8
8_201909081619374740.png,8
8_201909081619564018.png,8
8_201909081619597935.png,8
9_201909022152279697.png,9
9_201909022153391452.png,9
9_201909022153675226.png,9
9_201909022154843167.png,9
9_201909022155430312.png,9
9_201909022155454082.png,9
9_201909022156659727.png,9
9_201909022157349657.png,9
9_201909022157927452.png,9
9_201909022157973383.png,9
9_201909022158745306.png,9
9_201909022158815438.png,9
9_201909022158823359.png,9
9_201909022159123016.png,9
9_201909022200086781.png,9
9_201909022210200572.png,9
9_201909022210203638.png,9
9_201909022210662390.png,9
9_201909022211572219.png,9
9_201909022211895242.png,9
9_201909022212145512.png,9
9_201909022212309667.png,9
9_201909022212781996.png,9
9_201909022213878352.png,9
9_201909022214129100.png,9
9_201909022214557947.png,9
9_201909022218057197.png,9
9_201909022218664685.png,9
9_201909022218742925.png,9
9_201909022219136500.png,9
9_201909022219576684.png,9
9_201909022221364336.png,9
9_201909022222371234.png,9
9_201909022222674611.png,9
9_201909022224733557.png,9
9_201909022225188084.png,9
9_201909022229210826.png,9
9_201909022229857554.png,9
9_201909022230007578.png,9
9_201909022230289814.png,9
9_201909022230983952.png,9
9_201909022234344998.png,9
9_201909022235190524.png,9
9_201909022235573932.png,9
9_201909022236192499.png,9
9_201909022236366909.png,9
9_201909022237320938.png,9
9_201909022237348385.png,9
9_201909022237412431.png,9
9_201909022238459849.png,9
9_201909022239456090.png,9
9_201909022239468974.png,9
9_201909022240116142.png,9
9_201909022240363635.png,9
9_201909022240464325.png,9
9_201909022240665528.png,9
9_201909022241910251.png,9
9_201909022244429727.png,9
9_201909022244580186.png,9
9_201909081329789431.png,9
9_201909081329883193.png,9
9_201909081330953151.png,9
9_201909081333424895.png,9
9_201909081333838888.png,9
9_201909081400303421.png,9
9_201909081401162990.png,9
9_201909081401188726.png,9
9_201909081402396531.png,9
9_201909081403386508.png,9
9_201909081403908805.png,9
9_201909081411382412.png,9
9_201909081413449994.png,9
9_201909081415385551.png,9
9_201909081415796316.png,9
9_201909081416192210.png,9
9_201909081416232124.png,9
9_201909081419026306.png,9
9_201909081419255620.png,9
9_201909081419617977.png,9
9_201909081420724042.png,9
9_201909081420747257.png,9
9_201909081422085950.png,9
9_201909081422477700.png,9
9_201909081422571783.png,9
9_201909081423605223.png,9
9_201909081423683119.png,9
9_201909081425392883.png,9
9_201909081425839142.png,9
9_201909081425883574.png,9
9_201909081426418687.png,9
9_201909081426805573.png,9
9_201909081426833612.png,9
9_201909081426901360.png,9
9_201909081427083768.png,9
9_201909081427162743.png,9
9_201909081427177581.png,9
9_201909081427228893.png,9
9_201909081427989210.png,9
9_201909081537722155.png,9
9_201909081539408843.png,9
9_201909081539934108.png,9
9_201909081540050366.png,9
9_201909081540166493.png,9
9_201909081540273128.png,9
9_201909081540822758.png,9
9_201909081541018288.png,9
9_201909081541085058.png,9
9_201909081541180342.png,9
9_201909081542244196.png,9
9_201909081542756417.png,9
9_201909081543922125.png,9
9_201909081544135938.png,9
9_201909081544253761.png,9
9_201909081545014947.png,9
9_201909081545389977.png,9
9_201909081545922358.png,9
9_201909081612676190.png,9
9_201909081612828292.png,9
9_201909081613341166.png,9
9_201909081613512815.png,9
9_201909081613524213.png,9
9_201909081614058932.png,9
9_201909081614660713.png,9
9_201909081614692576.png,9
9_201909081614910207.png,9
9_201909081615556814.png,9
9_201909081615660973.png,9
9_201909081615706512.png,9
9_201909081615900639.png,9
9_201909081617603964.png,9
9_201909081618364237.png,9
9_201909081618493883.png,9
9_201909081618621988.png,9
A_201909022153011550.png,A
A_201909022153219551.png,A
A_201909022153820881.png,A
A_201909022154361457.png,A
A_201909022155941104.png,A
A_201909022156317767.png,A
A_201909022156667329.png,A
A_201909022156717611.png,A
A_201909022157448905.png,A
A_201909022157763665.png,A
A_201909022158421742.png,A
A_201909022158547662.png,A
A_201909022159095262.png,A
A_201909022159927950.png,A
A_201909022209449884.png,A
A_201909022209626965.png,A
A_201909022210236372.png,A
A_201909022211483867.png,A
A_201909022212145007.png,A
A_201909022212992688.png,A
A_201909022213215499.png,A
A_201909022213787512.png,A
A_201909022214257919.png,A
A_201909022214628340.png,A
A_201909022214697306.png,A
A_201909022217030462.png,A
A_201909022217679584.png,A
A_201909022219479473.png,A
A_201909022220254715.png,A
A_201909022222378196.png,A
A_201909022222416815.png,A
A_201909022223332087.png,A
A_201909022223646840.png,A
A_201909022223790350.png,A
A_201909022224291865.png,A
A_201909022224537183.png,A
A_201909022224739642.png,A
A_201909022224932273.png,A
A_201909022225058823.png,A
A_201909022225152287.png,A
A_201909022228589920.png,A
A_201909022229009842.png,A
A_201909022229141592.png,A
A_201909022229329189.png,A
A_201909022230159455.png,A
A_201909022230671403.png,A
A_201909022230769636.png,A
A_201909022230785649.png,A
A_201909022231359346.png,A
A_201909022231539788.png,A
A_201909022231778603.png,A
A_201909022234471600.png,A
A_201909022235009185.png,A
A_201909022235325906.png,A
A_201909022235807149.png,A
A_201909022236275028.png,A
A_201909022236448333.png,A
A_201909022237046457.png,A
A_201909022237616615.png,A
A_201909022237643043.png,A
A_201909022238000058.png,A
A_201909022238094184.png,A
A_201909022238196679.png,A
A_201909022238233340.png,A
A_201909022239566386.png,A
A_201909022239772629.png,A
A_201909022239804888.png,A
A_201909022240194874.png,A
A_201909022240296379.png,A
A_201909022240540135.png,A
A_201909022241298134.png,A
A_201909022241725632.png,A
A_201909022244754020.png,A
A_201909081328849369.png,A
A_201909081329460001.png,A
A_201909081329826686.png,A
A_201909081330627270.png,A
A_201909081330946495.png,A
A_201909081331504449.png,A
A_201909081400368708.png,A
A_201909081400997127.png,A
A_201909081401228846.png,A
A_201909081401580770.png,A
A_201909081401842728.png,A
A_201909081402996534.png,A
A_201909081403908917.png,A
A_201909081410028095.png,A
A_201909081410459902.png,A
A_201909081411140574.png,A
A_201909081411767695.png,A
A_201909081414467987.png,A
A_201909081414781829.png,A
A_201909081415311886.png,A
A_201909081415594243.png,A
A_201909081415885902.png,A
A_201909081416237621.png,A
A_201909081416535688.png,A
A_201909081416676215.png,A
A_201909081416926487.png,A
A_201909081416968208.png,A
A_201909081418463468.png,A
A_201909081418681784.png,A
A_201909081419109564.png,A
A_201909081419165707.png,A
A_201909081419377682.png,A
A_201909081419605640.png,A
A_201909081420603110.png,A
A_201909081420689232.png,A
A_201909081420725273.png,A
A_201909081420752011.png,A
A_201909081421057449.png,A
A_201909081421136942.png,A
A_201909081421503512.png,A
A_201909081422160906.png,A
A_201909081422449344.png,A
A_201909081423022911.png,A
A_201909081424431560.png,A
A_201909081424475036.png,A
A_201909081424601372.png,A
A_201909081425287105.png,A
A_201909081425312746.png,A
A_201909081425345294.png,A
A_201909081425659798.png,A
A_201909081426707512.png,A
A_201909081426707666.png,A
A_201909081426963572.png,A
A_201909081427423353.png,A
A_201909081427467448.png,A
A_201909081428308881.png,A
A_201909081539030901.png,A
A_201909081539361051.png,A
A_201909081539574644.png,A
A_201909081539675129.png,A
A_201909081540192405.png,A
A_201909081540383014.png,A
A_201909081540710851.png,A
A_201909081540848166.png,A
A_201909081541116812.png,A
A_201909081541394909.png,A
A_201909081541502690.png,A
A_201909081541716195.png,A
A_201909081542246172.png,A
A_201909081542362049.png,A
A_201909081542914443.png,A
A_201909081542968137.png,A
A_201909081543016902.png,A
A_201909081543090719.png,A
A_201909081543456640.png,A
A_201909081543570843.png,A
A_201909081543859154.png,A
A_201909081544041910.png,A
A_201909081544470643.png,A
A_201909081544573741.png,A
A_201909081544680926.png,A
A_201909081545172190.png,A
A_201909081545263962.png,A
A_201909081614568172.png,A
A_201909081616641005.png,A
A_201909081619584433.png,A
B_201909022152216453.png,B
B_201909022152302309.png,B
B_201909022152629245.png,B
B_201909022153173097.png,B
B_201909022153233378.png,B
B_201909022154397441.png,B
B_201909022155839636.png,B
B_201909022156078894.png,B
B_201909022158388885.png,B
B_201909022211022146.png,B
B_201909022211585510.png,B
B_201909022212212424.png,B
B_201909022213124011.png,B
B_201909022213687964.png,B
B_201909022214612167.png,B
B_201909022222200338.png,B
B_201909022222810286.png,B
B_201909022223224870.png,B
B_201909022223482645.png,B
B_201909022224008390.png,B
B_201909022225475823.png,B
B_201909022228243333.png,B
B_201909022229351534.png,B
B_201909022229953978.png,B
B_201909022231128959.png,B
B_201909022231303680.png,B
B_201909022231797651.png,B
B_201909022235365070.png,B
B_201909022236138633.png,B
B_201909022236679558.png,B
B_201909022237497413.png,B
B_201909022239214479.png,B
B_201909022240081686.png,B
B_201909022240605103.png,B
B_201909022241816568.png,B
B_201909022244364174.png,B
B_201909022244723764.png,B
B_201909022244877502.png,B
B_201909081329837093.png,B
B_201909081410059983.png,B
B_201909081415827666.png,B
B_201909081416901758.png,B
B_201909081420971514.png,B
B_201909081422211399.png,B
B_201909081424753465.png,B
B_201909081426807095.png,B
B_201909081426859111.png,B
B_201909081540090840.png,B
B_201909081540190164.png,B
B_201909081543172152.png,B
B_201909081544858004.png,B
B_201909081615020572.png,B
B_201909081615770847.png,B
B_201909081616694868.png,B
B_201909081619948124.png,B
C_201909022153343870.png,C
C_201909022157917379.png,C
C_201909022212059662.png,C
C_201909022217085205.png,C
C_201909022218675919.png,C
C_201909022222468595.png,C
C_201909022224922243.png,C
C_201909022236665113.png,C
C_201909022238653998.png,C
C_201909022240127562.png,C
C_201909081401827124.png,C
C_201909081410176762.png,C
C_201909081415455665.png,C
C_201909081420457395.png,C
C_201909081422277423.png,C
C_201909081422395234.png,C
C_201909081423521794.png,C
C_201909081425701600.png,C
C_201909081426687094.png,C
C_201909081539620885.png,C
C_201909081540290547.png,C
C_201909081614706921.png,C
C_201909081615240558.png,C
C_201909081617514546.png,C
D_201909022211635937.png,D
D_201909022214297148.png,D
D_201909022218930991.png,D
D_201909022224300824.png,D
D_201909022225248721.png,D
D_201909022231685549.png,D
D_201909022237989986.png,D
D_201909081401353168.png,D
D_201909081420995468.png,D
D_201909081422584089.png,D
D_201909081423531032.png,D
D_201909081427751378.png,D
D_201909081614727646.png,D
D_201909081617022314.png,D
D_201909081617984373.png,D
E_201909022158866527.png,E
E_201909022159110145.png,E
E_201909022218734976.png,E
E_201909022219139127.png,E
E_201909022222598117.png,E
E_201909022235750431.png,E
E_201909022237655547.png,E
E_201909081401363139.png,E
E_201909081413823501.png,E
E_201909081416665739.png,E
E_201909081420941608.png,E
E_201909081421855510.png,E
E_201909081425797071.png,E
E_201909081428984949.png,E
E_201909081538172369.png,E
E_201909081541436593.png,E
E_201909081614390255.png,E
E_201909081615402628.png,E
E_201909081615732916.png,E
E_201909081617542623.png,E
E_201909081617686761.png,E
F_201909022158898197.png,F
F_201909022211755516.png,F
F_201909022220466423.png,F
F_201909022223251824.png,F
F_201909022223764095.png,F
F_201909022223998678.png,F
F_201909022230198199.png,F
F_201909022236153158.png,F
F_201909022240800384.png,F
F_201909022240972244.png,F
F_201909081333160576.png,F
F_201909081403416395.png,F
F_201909081416645960.png,F
F_201909081416824073.png,F
F_201909081419533932.png,F
F_201909081421719237.png,F
F_201909081422283348.png,F
F_201909081423853695.png,F
F_201909081425047525.png,F
F_201909081426214875.png,F
F_201909081426739387.png,F
F_201909081426762959.png,F
F_201909081427754825.png,F
F_201909081428729084.png,F
F_201909081539234084.png,F
F_201909081540448669.png,F
F_201909081542166041.png,F
F_201909081545379920.png,F
F_201909081545839712.png,F
F_201909081613610975.png,F
F_201909081615620216.png,F
F_201909081616822521.png,F
F_201909081616850854.png,F
F_201909081619673981.png,F
G_201909022159149095.png,G
G_201909022159168556.png,G
G_201909022220044271.png,G
G_201909022224624132.png,G
G_201909022224918789.png,G
G_201909022235081024.png,G
G_201909022235892688.png,G
G_201909022238183207.png,G
G_201909022239970932.png,G
G_201909022241594855.png,G
G_201909081410479786.png,G
G_201909081615142611.png,G
G_201909081615740586.png,G
G_201909081616976922.png,G
G_201909081618442386.png,G
H_201909022153178024.png,H
H_201909022153559486.png,H
H_201909022214881481.png,H
H_201909022218650869.png,H
H_201909022222474913.png,H
H_201909022224742690.png,H
H_201909022229865831.png,H
H_201909022230528921.png,H
H_201909022231554274.png,H
H_201909022238676856.png,H
H_201909022240114119.png,H
H_201909081400270731.png,H
H_201909081401888575.png,H
H_201909081401982777.png,H
H_201909081419207942.png,H
H_201909081420337966.png,H
H_201909081420733152.png,H
H_201909081424795061.png,H
H_201909081426057600.png,H
H_201909081426479044.png,H
H_201909081427727633.png,H
H_201909081541685932.png,H
H_201909081542380326.png,H
H_201909081544175999.png,H
H_201909081612504748.png,H
H_201909081618119447.png,H
J_201909022156482081.png,J
J_201909022159500127.png,J
J_201909022213664132.png,J
J_201909022217362657.png,J
J_201909022224016693.png,J
J_201909022230685009.png,J
J_201909022236559034.png,J
J_201909022238454392.png,J
J_201909022240769643.png,J
J_201909022244081377.png,J
J_201909081414331574.png,J
J_201909081416532189.png,J
J_201909081424123157.png,J
J_201909081426632944.png,J
J_201909081544282175.png,J
J_201909081544989745.png,J
J_201909081545402462.png,J
J_201909081614856271.png,J
J_201909081618008906.png,J
J_201909081618682586.png,J
K_201909022147051300.png,K
K_201909022148281271.png,K
K_201909022154039856.png,K
K_201909022155729726.png,K
K_201909022157147393.png,K
K_201909022210569660.png,K
K_201909022213366519.png,K
K_201909022218200063.png,K
K_201909022218917436.png,K
K_201909022221058132.png,K
K_201909022224636059.png,K
K_201909022234968543.png,K
K_201909022235498516.png,K
K_201909022237566530.png,K
K_201909022239937949.png,K
K_201909022241657694.png,K
K_201909022244802046.png,K
K_201909081329543258.png,K
K_201909081401727293.png,K
K_201909081402936973.png,K
K_201909081415875660.png,K
K_201909081416137568.png,K
K_201909081420006114.png,K
K_201909081421148029.png,K
K_201909081424859153.png,K
K_201909081426244064.png,K
K_201909081542276695.png,K
K_201909081545485747.png,K
K_201909081612222805.png,K
K_201909081613052845.png,K
K_201909081613868849.png,K
K_201909081615112384.png,K
K_201909081616774977.png,K
K_201909081619568597.png,K
L_201909022156149451.png,L
L_201909022157229751.png,L
L_201909022159053339.png,L
L_201909022220700640.png,L
L_201909022220926708.png,L
L_201909022221676345.png,L
L_201909022224374284.png,L
L_201909022225671421.png,L
L_201909022236566470.png,L
L_201909022237259800.png,L
L_201909022239115374.png,L
L_201909022239837861.png,L
L_201909022240710254.png,L
L_201909081328717006.png,L
L_201909081411816545.png,L
L_201909081423145942.png,L
L_201909081423933521.png,L
L_201909081426149055.png,L
L_201909081427524600.png,L
L_201909081427585633.png,L
L_201909081428575515.png,L
L_201909081543294439.png,L
L_201909081613278550.png,L
L_201909081614340307.png,L
M_201909022153469163.png,M
M_201909022209894906.png,M
M_201909022210895832.png,M
M_201909022214783590.png,M
M_201909022218977666.png,M
M_201909022220832646.png,M
M_201909022221326759.png,M
M_201909022225244231.png,M
M_201909022230420230.png,M
M_201909022231526983.png,M
M_201909022236868501.png,M
M_201909022237571890.png,M
M_201909081401892799.png,M
M_201909081410360308.png,M
M_201909081414469533.png,M
M_201909081415521632.png,M
M_201909081420303758.png,M
M_201909081422321675.png,M
M_201909081422759338.png,M
M_201909081422953708.png,M
M_201909081423447869.png,M
M_201909081424247229.png,M
M_201909081424725818.png,M
M_201909081424927371.png,M
M_201909081425603297.png,M
M_201909081426415385.png,M
M_201909081540552617.png,M
M_201909081544987753.png,M
M_201909081612050577.png,M
M_201909081612670749.png,M
M_201909081613456774.png,M
M_201909081613781190.png,M
M_201909081614468299.png,M
M_201909081614709143.png,M
M_201909081614854733.png,M
M_201909081614884733.png,M
M_201909081615536092.png,M
M_201909081615539112.png,M
M_201909081615863164.png,M
M_201909081616204307.png,M
M_201909081616332628.png,M
M_201909081616412855.png,M
M_201909081616818223.png,M
M_201909081616922223.png,M
M_201909081617072704.png,M
M_201909081617322623.png,M
M_201909081617444624.png,M
M_201909081617718018.png,M
M_201909081617960706.png,M
M_201909081618136694.png,M
M_201909081618176151.png,M
M_201909081618596682.png,M
M_201909081618604507.png,M
M_201909081618917348.png,M
M_201909081619170513.png,M
M_201909081619240343.png,M
N_201909022155039383.png,N
N_201909022155507545.png,N
N_201909022210700638.png,N
N_201909022212861681.png,N
N_201909022217314870.png,N
N_201909022221094441.png,N
N_201909022222758765.png,N
N_201909022223836108.png,N
N_201909022225078032.png,N
N_201909022229744289.png,N
N_201909022238372331.png,N
N_201909022244159547.png,N
N_201909081329487131.png,N
N_201909081330260578.png,N
N_201909081330691159.png,N
N_201909081416128302.png,N
N_201909081416347843.png,N
N_201909081418365498.png,N
N_201909081424995183.png,N
N_201909081426301609.png,N
N_201909081538103710.png,N
N_201909081541200012.png,N
N_201909081542260886.png,N
N_201909081543156726.png,N
N_201909081613390412.png,N
N_201909081613595186.png,N
N_201909081613803170.png,N
N_201909081616064364.png,N
N_201909081616415697.png,N
P_201909022155209579.png,P
P_201909022155603803.png,P
P_201909022158395198.png,P
P_201909022159583013.png,P
P_201909022212784423.png,P
P_201909022222236655.png,P
P_201909022229393651.png,P
P_201909022230483940.png,P
P_201909022235305674.png,P
P_201909022239218893.png,P
P_201909022244007111.png,P
P_201909081400108928.png,P
P_201909081416363874.png,P
P_201909081419851928.png,P
P_201909081423075082.png,P
P_201909081423162960.png,P
P_201909081424061694.png,P
P_201909081427090764.png,P
P_201909081427731071.png,P
P_201909081540296337.png,P
P_201909081541076737.png,P
P_201909081545704184.png,P
P_201909081612895026.png,P
P_201909081613502680.png,P
P_201909081617715085.png,P
P_201909081617972519.png,P
P_201909081618126485.png,P
P_201909081618614897.png,P
P_201909081619746793.png,P
Q_201909022154135435.png,Q
Q_201909022158133151.png,Q
Q_201909022159895821.png,Q
Q_201909022210515780.png,Q
Q_201909022214743377.png,Q
Q_201909022219475434.png,Q
Q_201909022225988382.png,Q
Q_201909022237087715.png,Q
Q_201909022238170742.png,Q
Q_201909022244813759.png,Q
Q_201909081330010861.png,Q
Q_201909081402536528.png,Q
Q_201909081415013848.png,Q
Q_201909081417353552.png,Q
Q_201909081424183545.png,Q
Q_201909081425588923.png,Q
Q_201909081426709215.png,Q
Q_201909081427525218.png,Q
Q_201909081428687574.png,Q
Q_201909081538086793.png,Q
Q_201909081539922390.png,Q
Q_201909081541322480.png,Q
Q_201909081541426354.png,Q
Q_201909081544852479.png,Q
Q_201909081612337115.png,Q
Q_201909081614578351.png,Q
Q_201909081614631087.png,Q
Q_201909081618000278.png,Q
Q_201909081618442829.png,Q
R_201909022148465477.png,R
R_201909022148598048.png,R
R_201909022158109462.png,R
R_201909022159878973.png,R
R_201909022209606079.png,R
R_201909022211913160.png,R
R_201909022212223053.png,R
R_201909022213579764.png,R
R_201909022213625726.png,R
R_201909022214077185.png,R
R_201909022222798099.png,R
R_201909022223076181.png,R
R_201909022223754618.png,R
R_201909022225019440.png,R
R_201909022237423957.png,R
R_201909022238892926.png,R
R_201909022240165857.png,R
R_201909022240686286.png,R
R_201909081329768848.png,R
R_201909081402570597.png,R
R_201909081410846493.png,R
R_201909081415755801.png,R
R_201909081416087893.png,R
R_201909081421143841.png,R
R_201909081421993758.png,R
R_201909081422837313.png,R
R_201909081425379291.png,R
R_201909081426472855.png,R
R_201909081427807594.png,R
R_201909081539207006.png,R
R_201909081539770832.png,R
R_201909081541586159.png,R
R_201909081543074188.png,R
R_201909081544714755.png,R
R_201909081611518607.png,R
R_201909081612923075.png,R
R_201909081613703085.png,R
R_201909081614886280.png,R
R_201909081614961310.png,R
R_201909081616592258.png,R
S_201909022211289276.png,S
S_201909022223415935.png,S
S_201909022231149748.png,S
S_201909022234410977.png,S
S_201909022236976004.png,S
S_201909022238410579.png,S
S_201909022239395288.png,S
S_201909081330372518.png,S
S_201909081403686727.png,S
S_201909081414862370.png,S
S_201909081418065448.png,S
S_201909081422493825.png,S
S_201909081541728893.png,S
S_201909081542588640.png,S
S_201909081611502947.png,S
S_201909081613456706.png,S
S_201909081619955911.png,S
T_201909022154523414.png,T
T_201909022213893584.png,T
T_201909022219608335.png,T
T_201909022221224543.png,T
T_201909022222528416.png,T
T_201909022223166044.png,T
T_201909022226198243.png,T
T_201909022228097557.png,T
T_201909022229151325.png,T
T_201909022229512332.png,T
T_201909022230059693.png,T
T_201909022230626221.png,T
T_201909022231341300.png,T
T_201909022237891880.png,T
T_201909022239056257.png,T
T_201909022241942082.png,T
T_201909081330012654.png,T
T_201909081401008438.png,T
T_201909081402106692.png,T
T_201909081414216377.png,T
T_201909081415930125.png,T
T_201909081416542246.png,T
T_201909081419265885.png,T
T_201909081420165407.png,T
T_201909081420593831.png,T
T_201909081422491936.png,T
T_201909081424245163.png,T
T_201909081425185681.png,T
T_201909081540320514.png,T
T_201909081545361788.png,T
T_201909081545387983.png,T
T_201909081545550526.png,T
T_201909081612792691.png,T
T_201909081614422655.png,T
T_201909081615572750.png,T
T_201909081616100387.png,T
T_201909081616844878.png,T
T_201909081619068161.png,T
U_201909022157237802.png,U
U_201909022200555851.png,U
U_201909022214291099.png,U
U_201909022217490467.png,U
U_201909022218834976.png,U
U_201909022222083054.png,U
U_201909022224329294.png,U
U_201909022225530006.png,U
U_201909022236566310.png,U
U_201909022236970860.png,U
U_201909022238830319.png,U
U_201909022239024937.png,U
U_201909022240704848.png,U
U_201909022241411703.png,U
U_201909081330441265.png,U
U_201909081402404587.png,U
U_201909081415160332.png,U
U_201909081416627674.png,U
U_201909081419499796.png,U
U_201909081419895637.png,U
U_201909081425457674.png,U
U_201909081425571369.png,U
U_201909081539248368.png,U
U_201909081539356918.png,U
U_201909081540809197.png,U
U_201909081541222902.png,U
U_201909081541958425.png,U
U_201909081542298292.png,U
U_201909081544432956.png,U
U_201909081545402178.png,U
U_201909081612326743.png,U
U_201909081612456728.png,U
U_201909081615020714.png,U
U_201909081615242287.png,U
U_201909081615738443.png,U
U_201909081617290088.png,U
V_201909022156154025.png,V
V_201909022213057852.png,V
V_201909022213478027.png,V
V_201909022219302925.png,V
V_201909022219987193.png,V
V_201909022223392659.png,V
V_201909022230660217.png,V
V_201909022231953060.png,V
V_201909022234065479.png,V
V_201909022234398235.png,V
V_201909081330201259.png,V
V_201909081401774996.png,V
V_201909081403556843.png,V
V_201909081413153889.png,V
V_201909081419035227.png,V
V_201909081420785530.png,V
V_201909081539156542.png,V
V_201909081539852728.png,V
V_201909081541272612.png,V
V_201909081612045239.png,V
V_201909081615279077.png,V
V_201909081617573081.png,V
V_201909081618240108.png,V
V_201909081618798663.png,V
W_201909022157619264.png,W
W_201909022158953436.png,W
W_201909022159700940.png,W
W_201909022219808131.png,W
W_201909022221712526.png,W
W_201909022221732557.png,W
W_201909022228847641.png,W
W_201909022229746857.png,W
W_201909022230916855.png,W
W_201909022241564144.png,W
W_201909022241770168.png,W
W_201909081330753002.png,W
W_201909081414561587.png,W
W_201909081423951692.png,W
W_201909081425323636.png,W
W_201909081537165072.png,W
W_201909081539554260.png,W
W_201909081539846364.png,W
W_201909081540444291.png,W
W_201909081542182568.png,W
W_201909081543230192.png,W
W_201909081543362348.png,W
W_201909081543546060.png,W
W_201909081544616568.png,W
W_201909081544854343.png,W
W_201909081545615908.png,W
W_201909081616459049.png,W
W_201909081617034929.png,W
W_201909081617558213.png,W
W_201909081619188753.png,W
X_201909022157813972.png,X
X_201909022211809242.png,X
X_201909022214461085.png,X
X_201909022225448028.png,X
X_201909022238901942.png,X
X_201909022240930825.png,X
X_201909081415130501.png,X
X_201909081415426567.png,X
X_201909081421733175.png,X
X_201909081424531721.png,X
X_201909081541096638.png,X
X_201909081544502547.png,X
X_201909081545181994.png,X
X_201909081612480763.png,X
Y_201909022152097603.png,Y
Y_201909022153576042.png,Y
Y_201909022157003471.png,Y
Y_201909022157989570.png,Y
Y_201909022200053663.png,Y
Y_201909022210615771.png,Y
Y_201909022213653891.png,Y
Y_201909022223824215.png,Y
Y_201909022229478480.png,Y
Y_201909022231206920.png,Y
Y_201909022231957239.png,Y
Y_201909022235434566.png,Y
Y_201909022236219192.png,Y
Y_201909022238826168.png,Y
Y_201909022240740432.png,Y
Y_201909022244747472.png,Y
Y_201909081402406675.png,Y
Y_201909081411445771.png,Y
Y_201909081411894340.png,Y
Y_201909081415134028.png,Y
Y_201909081421041721.png,Y
Y_201909081423443483.png,Y
Y_201909081424462094.png,Y
Y_201909081425948800.png,Y
Y_201909081542446340.png,Y
Y_201909081543508455.png,Y
Y_201909081543713036.png,Y
Y_201909081543998251.png,Y
Y_201909081613895057.png,Y
Y_201909081616178279.png,Y
Y_201909081617484613.png,Y
Z_201909022153035520.png,Z
Z_201909022153576927.png,Z
Z_201909022153760070.png,Z
Z_201909022156477857.png,Z
Z_201909022209313226.png,Z
Z_201909022211107580.png,Z
Z_201909022230648648.png,Z
Z_201909022235702654.png,Z
Z_201909022235885689.png,Z
Z_201909022244117156.png,Z
Z_201909081329517062.png,Z
Z_201909081400024469.png,Z
Z_201909081402774302.png,Z
Z_201909081421791244.png,Z
Z_201909081422507365.png,Z
Z_201909081423111459.png,Z
Z_201909081424743163.png,Z
Z_201909081424871558.png,Z
Z_201909081427589644.png,Z
Z_201909081539593115.png,Z
Z_201909081539800935.png,Z
Z_201909081612098558.png,Z
Z_201909081612190286.png,Z
Z_201909081616008910.png,Z
9_201909101313246605.png,9
1_201909101314152405.png,1
9_201909101314480230.png,9
7_201909101314792401.png,7
M_201909101314354529.png,M
8_201909101314477134.png,8
5_201909101314601831.png,5
5_201909101314476001.png,5
9_201909101314819370.png,9
G_201909101314490374.png,G
7_201909101314021326.png,7
A_201909101314270934.png,A
F_201909101314426966.png,F
Y_201909101314551678.png,Y
8_201909101314910694.png,8
3_201909101314051084.png,3
8_201909101314269565.png,8
5_201909101314378648.png,5
F_201909101315137579.png,F
9_201909101315621574.png,9
N_201909101315902252.png,N
9_201909101315245718.png,9
7_201909101315323581.png,7
6_201909101315510794.png,6
9_201909101315057313.png,9
8_201909101315619442.png,8
5_201909101315947243.png,5
P_201909101316774934.png,P
D_201909101316227485.png,D
M_201909101316414702.png,M
M_201909101316054939.png,M
B_201909101316320255.png,B
P_201909101316538646.png,P
8_201909101316053912.png,8
3_201909101316287957.png,3
3_201909101316178407.png,3
5_201909101316271897.png,5
2_201909101316474737.png,2
9_201909101316568227.png,9
5_201909101316474254.png,5
N_201909101316911435.png,N
D_201909101316254842.png,D
P_201909101316160648.png,P
M_201909101316878507.png,M
E_201909101316175082.png,E
F_201909101316596612.png,F
8_201909101316298829.png,8
6_201909101316829743.png,6
3_201909101316954448.png,3
9_201909101316126082.png,9
